Job Name,Company Name,Job Location,Frequency
Head of Sales & Marketing Department,FVG Group of Cmpanies,"Islamabad, Islāmābād, Pakistan",Be an early applicant
Business Development Executive - App Sales,TekRevol,"Karāchi, Sindh, Pakistan",Be an early applicant
Salesperson,Azaan Engineering,"Lahore District, Punjab, Pakistan",Actively Hiring
Sales Manager,Tagaddod,"Lahore, Punjab, Pakistan",Be an early applicant
Senior Sales & Services Executive (Central),People (Professional Employers Pvt Ltd),"Lahore, Punjab, Pakistan",Actively Hiring
Sales Manager,Nextbridge Ltd.,"Lahore, Punjab, Pakistan",Be an early applicant
Sales Associate,Decklaration,"Lahore, Punjab, Pakistan",Actively Hiring
B2B Sales Manager,VASHISHTA sYSTEMS,"Hyderabad, Sindh, Pakistan",Be an early applicant
Inside Sales Executive,PakWheels.com,"Lahore, Punjab, Pakistan",Actively Hiring
Business Development Executive - Peshawar,PakWheels.com,"Peshawar, Khyber Pakhtunkhwa, Pakistan",Be an early applicant
Sales Development Representative,CEQUENS,"Islamabad, Islāmābād, Pakistan",Actively Hiring
Sales Executive,Decklaration,"Lahore, Punjab, Pakistan",Actively Hiring
Corporate Sales Executive,marcus evans Group,"Karāchi, Sindh, Pakistan",Be an early applicant
Sales Associate,Beam,"Karāchi, Sindh, Pakistan",Be an early applicant
Corporate Sales Associate,Byte (YC S20),"Lahore, Punjab, Pakistan",Actively Hiring
International Sales Executive,Futunix,"Karāchi, Sindh, Pakistan",Be an early applicant
Customer Relationship Manager,MS Pakistan,"Karāchi, Sindh, Pakistan",Actively Hiring
Business Development Executive - Karachi,PakWheels.com,"Karāchi, Sindh, Pakistan",Be an early applicant
Car Field Sales Executive - Karachi,PakWheels.com,"Karāchi, Sindh, Pakistan",Be an early applicant
International Front Sales,RXV International.,"Karāchi, Sindh, Pakistan",Actively Hiring
B2B Sales Executive,Nextbridge Ltd.,"Lahore, Punjab, Pakistan",Be an early applicant
Territory Sales Supervisor (Proactive Pipeline),Jazz,"Sindh, Pakistan",Be an early applicant
Sales Engineer,Green Technologies Islamabad,"Islamabad, Islāmābād, Pakistan",Actively Hiring
Branch Operations Manager,Premier Sales Private Limited,"Multan, Punjab, Pakistan",Be an early applicant
Branch Operations Manager,Premier Sales Private Limited,"Multan, Punjab, Pakistan",Actively Hiring
Inside Sales Intern,PakWheels.com,"Lahore, Punjab, Pakistan",Be an early applicant
Business Development Executive - Lahore,PakWheels.com,"Lahore, Punjab, Pakistan",Actively Hiring
Inside Sales Executive,PakWheels.com,"Lahore, Punjab, Pakistan",Be an early applicant
Commercial Executive,Gaditek,"Karāchi, Sindh, Pakistan",Actively Hiring
Sales Officer/Executive - Dealer Sales (ACE Properties),ACE Money Transfer,"Sarai Alamgir, Punjab, Pakistan",Be an early applicant
Territory Sales Manager,Shan Foods Private Limited,"Sukkur, Sindh, Pakistan",Be an early applicant
Assistant Manager Sales,ACCA Careers,"Multan, Punjab, Pakistan",Actively Hiring
Business Development Executive - Karachi,PakWheels.com,"Karāchi, Sindh, Pakistan",Actively Hiring
Unit Head Sales & Services-Islamabad,People (Professional Employers Pvt Ltd),"Islamabad, Islāmābād, Pakistan",Be an early applicant
Corporate Sales Manager,Byte (YC S20),"Lahore, Punjab, Pakistan",Actively Hiring
Technical Business Development Executive,IKONIC,"Lahore, Punjab, Pakistan",Actively Hiring
Business Development Manager,ACCA Careers,"Islamabad, Islāmābād, Pakistan",Actively Hiring
Sales Executive,Salaar Estate,"Rawalpindi, Punjab, Pakistan",Be an early applicant
Sales Representative,Voyager Global Mobility,"Lahore District, Punjab, Pakistan",Be an early applicant
Sales Development Representative - Cold Calling,403it,"Islamabad, Islāmābād, Pakistan",Actively Hiring
Business Development Executive - Faisalabad,PakWheels.com,"Faisalabad, Punjab, Pakistan",Be an early applicant
Bark Sales Specialist,MS Pakistan,"Karāchi, Sindh, Pakistan",Be an early applicant
Telesales Representative,Nyns 4 International,"Lahore, Punjab, Pakistan",Actively Hiring
Sales Executive- Pakistan (various cities),Rentokil Initial,"Lahore, Punjab, Pakistan",Actively Hiring
Sales Executive,Hashi Group of Companies,"Islamabad, Islāmābād, Pakistan",Be an early applicant
Affiliate Account Manager,Assembly Global,"Islamabad, Islāmābād, Pakistan",Actively Hiring
Sales Agent,AHM solutions,"Lahore, Punjab, Pakistan",Be an early applicant
Telesales Specialist,HDC BizSolutions,"Rawalpindi, Punjab, Pakistan",Actively Hiring
Branch Operation Manager,Premier Sales Private Limited,"Thatta, Sindh, Pakistan",Be an early applicant
Business Development Executive - Rawalpindi,PakWheels.com,"Rawalpindi, Punjab, Pakistan",Actively Hiring
Business Development Executive,TekRevol,"Lahore, Punjab, Pakistan",Be an early applicant
Sales Consultant,Real estate,"Islamabad, Islāmābād, Pakistan",Be an early applicant
Sales Operations Analyst,Contour Software,"Karāchi, Sindh, Pakistan",Actively Hiring
Business Development Associate,Contour Software,"Islamabad, Islāmābād, Pakistan",Be an early applicant
Branch Operation Manager,Premier Sales Private Limited,"Islamabad, Islāmābād, Pakistan",Actively Hiring
Field Sales Representative,Tagaddod,"Lahore, Punjab, Pakistan",Be an early applicant
Field Sales And Marketing,The Water Experts,"Karāchi, Sindh, Pakistan",Actively Hiring
International Sales Executive,Asia Hilux,"Karāchi, Sindh, Pakistan",Be an early applicant
Area Sales Manager (Pro-active Pipeline),Jazz,"Punjab, Pakistan",Be an early applicant
Logistics Lead,Dastgyr,"Karachi Division, Sindh, Pakistan",Be an early applicant
Property Sales Consultant,Ali Saqlain,"Karāchi, Sindh, Pakistan",Be an early applicant
Sales Executive,Hotel Management Services,"Islamabad, Islāmābād, Pakistan",Be an early applicant
Lead Generation Executive,NXT LABS,"Karāchi, Sindh, Pakistan",Actively Hiring
Sale Executive,Jv land and Developers,"Lahore, Punjab, Pakistan",Actively Hiring
Assistant Manager Sales-Jehlum,People (Professional Employers Pvt Ltd),"Jhelum, Punjab, Pakistan",Be an early applicant
Sales Manager,Procter & Gamble,"Karāchi, Sindh, Pakistan",Be an early applicant
ERP Sales Executive,EUSOL,"Lahore District, Punjab, Pakistan",Actively Hiring
Fulfillment coordinator-Full remote position,DigitalSuperSystems,"Karāchi, Sindh, Pakistan",Actively Hiring
Global Sales Associate,ULTAINFINITY GLOBAL GROUP,Pakistan,Actively Hiring
Officer / Senior Officer Accounts,ACCA Careers,"Faisalabad, Punjab, Pakistan",Actively Hiring
Commercial Lead Grocery Lhr,Gaditek,"Karāchi, Sindh, Pakistan",Be an early applicant
Car Field Sales Executive - Peshawar,PakWheels.com,"Peshawar, Khyber Pakhtunkhwa, Pakistan",Actively Hiring
Sales Agent,ASHS CONSULTANTS,"Karāchi, Sindh, Pakistan",Be an early applicant
Business Development Officer,IDP Education Ltd,"Islamabad, Islāmābād, Pakistan",Actively Hiring
Sales Executive,Chiper-Protech,"Karāchi, Sindh, Pakistan",Be an early applicant
Sales Manager (Real Estate),People (Professional Employers Pvt Ltd),"Lahore, Punjab, Pakistan",Actively Hiring
Customer Sales Representative,Prime BPO,"Rawalpindi, Punjab, Pakistan",Be an early applicant
Sales Executive - Direct Sales (ACE Properties),ACE Money Transfer,"Sarai Alamgir, Punjab, Pakistan",Be an early applicant
Logistics Sales Coordinator,"LDP Logistics, Inc.","Karāchi, Sindh, Pakistan",Be an early applicant
NxtWave - Associate - Business Development/Sales - South,NxtWave,"Hyderabad, Sindh, Pakistan",Be an early applicant
Assistant Manager Sales,ACCA Careers,"Muzaffargarh, Punjab, Pakistan",Be an early applicant
Commercial Executive - Stores and Grocery,Gaditek,"Karāchi, Sindh, Pakistan",Actively Hiring
Sales & Marketing Specialist,Popular International (Pvt.) Ltd.,"Rawalpindi, Punjab, Pakistan",Actively Hiring
Car Field Sales Executive - Multan,PakWheels.com,"Multan, Punjab, Pakistan",Be an early applicant
Sr. Sales Executive,The Plum Tree Group,"Karāchi, Sindh, Pakistan",Be an early applicant
Amazon Virtual Assistant - Ecommerce Account Manager,aassio group,"Islamabad, Islāmābād, Pakistan",Be an early applicant
Sales Executive,Alpha and Omega Technologies,"Lahore, Punjab, Pakistan",Actively Hiring
Senior Sales Executive,V Widen,"Islamabad, Islāmābād, Pakistan",Actively Hiring
Sales Coordinator,Haqeeq Group,"Lahore, Punjab, Pakistan",Be an early applicant
Sale executive for Dispatch,ADS Active Dispatch Solutions,"Lahore, Punjab, Pakistan",Be an early applicant
Affiliate Account Manager - Mobile,Assembly Global,"Islamabad, Islāmābād, Pakistan",Be an early applicant
Car Field Sales Executive - Lahore,PakWheels.com,"Lahore, Punjab, Pakistan",Actively Hiring
Junior M&A Business Development Representative,Contour Software,"Lahore, Punjab, Pakistan",Actively Hiring
Amazon Account Pricing Executive (FBA Wholesale),Leverify,Pakistan,Be an early applicant
Sales Support Specialist,RightSolution.net,"Karāchi, Sindh, Pakistan",Be an early applicant
Sales Executive,Baya Group (Pvt),"Islamabad, Islāmābād, Pakistan",Actively Hiring
Sales Executive,Islamabad Recruitment Company,"Rawalpindi, Punjab, Pakistan",Actively Hiring
Sales Executive (Hospitality),People (Professional Employers Pvt Ltd),"Lahore, Punjab, Pakistan",Actively Hiring
Commercial Executive - Food,Gaditek,"Karāchi, Sindh, Pakistan",Be an early applicant
Commercial Experience Executive (Proactive Pipeline),Jazz,"Sindh, Pakistan",Be an early applicant
Business Development Manager,Quard International,Pakistan,Be an early applicant
Sales Tax Accountant,Contour Software,"Karāchi, Sindh, Pakistan",Be an early applicant
Tele-Sales Officers (ACE Properties),ACE Money Transfer,"Sarai Alamgir, Punjab, Pakistan",Be an early applicant
Sales Engineer,INTECH Automation & Intelligence,"Lahore, Punjab, Pakistan",Actively Hiring
Call Center Representative,"Revival Research Institute, LLC","Karāchi, Sindh, Pakistan",Be an early applicant
Business Development Manager,Talent House FZC,Pakistan,Be an early applicant
"Associate, Client Support (CIQ) - Multiple Positions",ACCA Careers,"Islamabad, Islāmābād, Pakistan",Be an early applicant
Digital Sales Manager,PakWheels.com,"Lahore, Punjab, Pakistan",Be an early applicant
Business Development Executive,Genesis IT Lab,"Islamabad, Islāmābād, Pakistan",Be an early applicant
Software Engineer (Fresh) - Lahore,PakWheels.com,"Lahore, Punjab, Pakistan",Actively Hiring
Business Development Executive - DG Khan,PakWheels.com,"Rahimyar Khan, Punjab, Pakistan",Actively Hiring
Sales Executive,Synavos,"Lahore District, Punjab, Pakistan",Actively Hiring
Telemarketer,optustechnology,"Lahore, Punjab, Pakistan",Be an early applicant
Logistics Account Executive,Shipment Solutions Hub Inc,"Lahore, Punjab, Pakistan",Actively Hiring
Sales Engineer,Rozee.pk,"Quetta, Baluchistan, Pakistan",Actively Hiring
Car Field Sales Executive - Islamabad,PakWheels.com,"Rawalpindi, Punjab, Pakistan",Actively Hiring
Sales Consultant,Efu Life Assurance Ltd,"Hyderabad, Sindh, Pakistan",Be an early applicant
Branch Operation Manager,Premier Sales Private Limited,"Chakwāl, Punjab, Pakistan",Actively Hiring
Customer Support (China Remote) _$1500/Month,eStaffing Inc.,Pakistan,Be an early applicant
Customer Success Specialist,Contour Software,"Karāchi, Sindh, Pakistan",Be an early applicant
Sales Executive,Codistan Ventures,"Islamabad, Islāmābād, Pakistan",Be an early applicant
Car Field Sales Executive - Islamabad,PakWheels.com,"Rawalpindi, Punjab, Pakistan",Be an early applicant
Senior Counsellor,Foreignwings Education,Pakistan,Be an early applicant
Sales Executive,ABS INTERNATIONAL,"Karāchi, Sindh, Pakistan",Be an early applicant
Team Lead - Accounts and Finance,Leverify,Pakistan,Be an early applicant
"Trader and Originator, Fats & Oils - Pakistan",Targray,"Karāchi, Sindh, Pakistan",Be an early applicant
Global Sales & Marketing Manager,ibex,"Karachi Division, Sindh, Pakistan",Actively Hiring
Commercial Lead - Food,Gaditek,"Karāchi, Sindh, Pakistan",Actively Hiring
Salesperson,Affinity Xperts LLC,"Lahore, Punjab, Pakistan",Be an early applicant
Sales Executive,Samawat Marketing,"Islāmābād, Pakistan",Actively Hiring
Front Sales Executive-Design Unit,CloudStaff Technologies,"Karachi Division, Sindh, Pakistan",Be an early applicant
Sales Development Representative (Pakistan),Podium,"Lahore, Punjab, Pakistan",Actively Hiring
Manager Proposition and Growth,PTCL.Official,"Islamabad, Islāmābād, Pakistan",Actively Hiring
Commercial Executive - Fashion and Beauty,Gaditek,"Karāchi, Sindh, Pakistan",Be an early applicant
Customer Service Representative,Next Global Consulting,"Lahore, Punjab, Pakistan",Actively Hiring
Customer Support Specialist,Contour Software,"Karāchi, Sindh, Pakistan",Be an early applicant
Sales Executive,REDA Chemicals,"Karāchi, Sindh, Pakistan",Actively Hiring
Country Director,AboutJobs by Afconrecruit,"Federally Administered Tribal Areas, Khyber Pakhtunkhwa, Pakistan",Be an early applicant
Assistant Manager Trade Marketing,EBM,"Peshawar, Khyber Pakhtunkhwa, Pakistan",Actively Hiring
Sales Team Lead,Topline Marketing Pvt. Ltd. - Official,"Islamabad, Islāmābād, Pakistan",Be an early applicant
Assistant Manager Sales,ACCA Careers,"Sialkot, Punjab, Pakistan",Be an early applicant
International Design Sales Specialist,Emeriosoft,"Karachi Division, Sindh, Pakistan",Be an early applicant
Deputy Manager Corporate Sales,ACCA Careers,"Lahore, Punjab, Pakistan",Actively Hiring
Car Field Sales Executive - Islamabad,PakWheels.com,"Rawalpindi, Punjab, Pakistan",Be an early applicant
Telesales Representative,Deaxis Recruitment,"Lahore, Punjab, Pakistan",Actively Hiring
"Account Executive, Commercial Sales Motive Cards",Motive,Pakistan,Actively Hiring
Assistant Manager Sales,ACCA Careers,"Gujranwala, Punjab, Pakistan",Be an early applicant
Assistant Manager Sales,ACCA Careers,"Gujranwala, Punjab, Pakistan",Be an early applicant
Sales Executive,IT hardware reselling,"Lahore, Punjab, Pakistan",Be an early applicant
Business Development Executive,Code District,"Lahore, Punjab, Pakistan",Be an early applicant
Partnerships Sales Manager,IWG plc,"Islamabad, Islāmābād, Pakistan",Be an early applicant
Ecommerce Manager - Amazon Virtual Assistant,aassio group,"Islamabad, Islāmābād, Pakistan",Actively Hiring
Sales Business Development Executive,CMS Migration,"Lahore, Punjab, Pakistan",Be an early applicant
Business Development Executive (Cold Calling Executives),"LDP Logistics, Inc.","Karāchi, Sindh, Pakistan",Be an early applicant
Community Sales Manager,IWG plc,"Lahore, Punjab, Pakistan",Actively Hiring
Department Manager - ALC,METRO Pakistan (Pvt) Limited,"Lahore, Punjab, Pakistan",Be an early applicant
E-commerce Operations Executive,Dreams Pakistan,"Karāchi, Sindh, Pakistan",Actively Hiring
Assistant Brand Manager - Sauces - Condiments,National Foods Limited,"Karāchi, Sindh, Pakistan",Be an early applicant
Senior Sales Executive,"InterNative Labs, LLC","Karāchi, Sindh, Pakistan",Actively Hiring
Sales Development Representative,Tkxel,"Lahore, Punjab, Pakistan",Actively Hiring
Business Development Manager,Synviz Solutions,"Lahore, Punjab, Pakistan",Be an early applicant
Area Sales Manager Abbottabad,Mondelēz International,"Lahore, Punjab, Pakistan",Be an early applicant
Commercial Lead - Fashion and Beauty,Gaditek,"Karāchi, Sindh, Pakistan",Actively Hiring
Truck Dispatch Sales and Dispatch Executives,TekSof,"Lahore, Punjab, Pakistan",Be an early applicant
Head of Channel Expansion - Remote - Pakistan,The Ambr Group,"Karāchi, Sindh, Pakistan",Actively Hiring
Community Sales Manager,IWG plc,"Karachi Division, Sindh, Pakistan",Be an early applicant
"Partnership Key Account Manager, Urdu",Exness,"Islamabad, Islāmābād, Pakistan",Actively Hiring
Telesales Mgr/ Arabic Speaking,Noon - The Social Learning Platform,"Lahore, Punjab, Pakistan",Actively Hiring
Lead Generation Specialist,Madmation Studio,"Lahore, Punjab, Pakistan",Be an early applicant
Bidder Specialist,Appearls,"Karāchi, Sindh, Pakistan",Actively Hiring
Business Development Specialist,Mangovers,"Lahore, Punjab, Pakistan",Actively Hiring
Upwork Sales Specialist,ZEVITECH,"Karachi Division, Sindh, Pakistan",Actively Hiring
Sales Executive - Call Center,MBE Canada,"Karachi Division, Sindh, Pakistan",Actively Hiring
Amazon Virtual Assistant - Expert,aassio group,"Islamabad, Islāmābād, Pakistan",Actively Hiring
Sales Executive,Esolace Tech,"Karāchi, Sindh, Pakistan",Actively Hiring
Sales Intern,Alfa Origin SMC Private Limited,"Rawalpindi, Punjab, Pakistan",Be an early applicant
Area Manager - Lodhran,Philip Morris International,"Bahawalpur, Punjab, Pakistan",Be an early applicant
Jr. Network Engineer,People (Professional Employers Pvt Ltd),"Karāchi, Sindh, Pakistan",Be an early applicant
"Associate, DMS Client Support",ACCA Careers,"Islamabad, Islāmābād, Pakistan",Actively Hiring
Associate Product Manager,VentureDive,"Karāchi, Sindh, Pakistan",Actively Hiring
Senior Digital Marketing Executive,TekRevol,"Karāchi, Sindh, Pakistan",Actively Hiring
Lead Generation Specialist,Arkhitech,"Lahore, Punjab, Pakistan",
Founder's Associate Business Development & Marketing,Finclude,"Lahore, Punjab, Pakistan",
Sales Executive,Teradata,"Islamabad, Islāmābād, Pakistan",
Sales Executive,Smart IT Solutions,"Sialkot, Punjab, Pakistan",
Business Development Manager,Sharp Brains,"Lahore, Punjab, Pakistan",
Product Manager II,Dastgyr,"Karachi Division, Sindh, Pakistan",
Specialist Business Planning & Innovation,ACCA Careers,"Islamabad, Islāmābād, Pakistan",
International Sales Specialist,DIGITEMB,"Karāchi, Sindh, Pakistan",
Training & Development Lead - BPO,Snoonu,"Karāchi, Sindh, Pakistan",
Sales Executive,Greenovative Solutions Inc.,"Karachi Division, Sindh, Pakistan",
Commercial Executive - Health,Gaditek,"Karāchi, Sindh, Pakistan",
Sales Executive,Teqniqe,"Lahore, Punjab, Pakistan",
Software Sales Specialist (SAAS)-Evening shift,Glosix,"Lahore, Punjab, Pakistan",
Amazon Virtual Assistant - Expert,aassio group,"Islamabad, Islāmābād, Pakistan",
Real Estate Salesperson,Ali Saqlain Real Estate & Builders Karachi,"Karachi Division, Sindh, Pakistan",
Sales Consultant,Kennis Zone Pvt Ltd,"Islamabad, Islāmābād, Pakistan",
Cold Calling Expert,Fibonacci,"Karāchi, Sindh, Pakistan",
Business Development Executive,Onism Solution llc.,"Lahore, Punjab, Pakistan",
Partnerships Sales Manager,IWG plc,"Karachi Division, Sindh, Pakistan",
Partnerships Manager,The Citizens Foundation,"Karachi Division, Sindh, Pakistan",
International Sales Specialist,ABTACH LTD,"Karāchi, Sindh, Pakistan",
Cyber Security Sales,xIoTz Private Limited,Pakistan,
Lead Generation Specialist,Arkhitech,"Islamabad, Islāmābād, Pakistan",
Sales Business Development (Freelancer/Upwork),SOLSPRO,"Karāchi, Sindh, Pakistan",
Business Process Re-Engineering,NXT LABS,"Karāchi, Sindh, Pakistan",
Fashion Label Sales Executive,Kalm.pk,"Karāchi, Sindh, Pakistan",
Senior Sales Executive,Right Tic,"Lahore, Punjab, Pakistan",
Inventory Management Executive - Lahore,PakWheels.com,"Lahore, Punjab, Pakistan",
Key Account Executive (Lahore),Roche,Pakistan,
Front Sales Executive - UAE Market,OIP,"Karāchi, Sindh, Pakistan",
Business Development Executive,TalentConnect,"Karāchi, Sindh, Pakistan",
CRM and Marketing Automation Specialist,Contour Software,"Islamabad, Islāmābād, Pakistan",
Product Manager (Remote),MonetizeMore,"Islamabad, Islāmābād, Pakistan",
Rural Sales Development Manager,Upfield,"Hyderabad, Sindh, Pakistan",
Business Development Officer ( BD ),XAAS STUDIOS,"Lahore District, Punjab, Pakistan",
Trade Finance Professional,Euro Exim Bank,Pakistan,
Destination Manager (Canada and USA),IDP Education Ltd,"Lahore, Punjab, Pakistan",
Virtual/Remote Tech Sales Staff,Gao Research,Pakistan,
Virtual/Remote Tech Sales Staff,Gao Research,Pakistan,
Business Developement Manager,iPlex,"Rawalpindi, Punjab, Pakistan",
Senior Business Development Manager,Genesis IT Lab,"Islamabad, Punjab, Pakistan",
Sales Business Development Team Lead,Confidential,"Lahore, Punjab, Pakistan",
Sales Executive - Call Center,AkTeliTech PVT LTD,"Islāmābād, Pakistan",
Staff Accountant,Contour Software,"Karāchi, Sindh, Pakistan",
Senior Sales Executive,5Core Real Estate and Marketing,"Peshawar, Khyber Pakhtunkhwa, Pakistan",
Product Manager II,Dastgyr,"Lahore, Punjab, Pakistan",
Bark Sales - Front,Webions,"Karāchi, Sindh, Pakistan",
Telesales Executive,Kennis Zone Pvt Ltd,"Islāmābād, Pakistan",
Branch Manager - DHA,Telenor Microfinance Bank Limited,"Karāchi, Sindh, Pakistan",
Proposal Engineer,INTECH Automation & Intelligence,"Lahore, Punjab, Pakistan",
General Manager,ACCA Careers,"Faisalabad, Punjab, Pakistan",
International Sales Specialist,Alpha Global Team,"Lahore, Punjab, Pakistan",
Car Field Sales Executive - Gujranwala,PakWheels.com,"Gujranwala, Punjab, Pakistan",
Inside Sales Representative,CureMD,"Lahore, Punjab, Pakistan",
Loan Officer,Finclude,"Lahore, Punjab, Pakistan",
Assistant Manager Sales,Zameen.com,"Lahore, Punjab, Pakistan",
Director of Product (SaaS),MonetizeMore,"Hyderabad, Sindh, Pakistan",
Project Pre-sales Technical Support,Hikvision Pakistan,"Karāchi, Sindh, Pakistan",
Sales man for Architecture Website,mediabostter,"Karachi Division, Sindh, Pakistan",
Sales Agent,MBE Canada,"Karāchi, Sindh, Pakistan",
Staff Accountant,Contour Software,"Karāchi, Sindh, Pakistan",
Manager/Senior Manager/Director - Commercial Sales (B2B & B2G),PULA,"Islamabad, Islāmābād, Pakistan",
Senior Business Development Executive,Medcare MSO Global,"Lahore, Punjab, Pakistan",
,,,
,,,
,,,
,,,
,,,
,,,
,,,
,,,
,,,
,,,
,,,
,,,
,,,
,,,
,,,
,,,
,,,
,,,
,,,
,,,
,,,
,,,
,,,
,,,
,,,
,,,
,,,
,,,
,,,
,,,
,,,
,,,
,,,
,,,
,,,
,,,
,,,
,,,
,,,
,,,
,,,
,,,
,,,
,,,
,,,
,,,
,,,
,,,
,,,
,,,
,,,
,,,
,,,
,,,
,,,
,,,
,,,
,,,
,,,
,,,
,,,
,,,
,,,
,,,
,,,
,,,
,,,
,,,
,,,
,,,
,,,
,,,
,,,
,,,
,,,
,,,
,,,
,,,
,,,
,,,
,,,
,,,
,,,
,,,
,,,
,,,
,,,
,,,
,,,
,,,
,,,
,,,
,,,
,,,
,,,
,,,
,,,
,,,
,,,
,,,
,,,
,,,
,,,
,,,
,,,
,,,
,,,
,,,
,,,
,,,
,,,
,,,
,,,
,,,
,,,
,,,
,,,
,,,
,,,
,,,
,,,
,,,
,,,
,,,
,,,
,,,
,,,
,,,
,,,
,,,
,,,
,,,
,,,
,,,
,,,
,,,
,,,
,,,
,,,
,,,
,,,
,,,
,,,
,,,
,,,
,,,
,,,
,,,
,,,
,,,
,,,
,,,
,,,
,,,
,,,
,,,
,,,
,,,
,,,
,,,
,,,
,,,
,,,
,,,
,,,
,,,
,,,
,,,
,,,
,,,
,,,
,,,
,,,
,,,
,,,
,,,
,,,
,,,
,,,
,,,
,,,
,,,
,,,
,,,
,,,
,,,
,,,
,,,
,,,
,,,
,,,
,,,
,,,
,,,
,,,
,,,
,,,
,,,
,,,
,,,
,,,
,,,
,,,
,,,
,,,
,,,
,,,
,,,
,,,
,,,
,,,
,,,
,,,
,,,
,,,
,,,
,,,
,,,
,,,
,,,
,,,
,,,
,,,
,,,
,,,
,,,
,,,
,,,
,,,
,,,
,,,
,,,
,,,
,,,
,,,
,,,
,,,
,,,
,,,
,,,
,,,
,,,
,,,
,,,
,,,
,,,
,,,
,,,
,,,
,,,
,,,
,,,
,,,
,,,
,,,
,,,
,,,
,,,
,,,
,,,
,,,
,,,
,,,
,,,
,,,
,,,
,,,
,,,
,,,
,,,
,,,
,,,
,,,
,,,
,,,
,,,
,,,
,,,
,,,
,,,
,,,
,,,
,,,
,,,
,,,
,,,
,,,
,,,
,,,
,,,
,,,
,,,
,,,
,,,
,,,
,,,
,,,
,,,
,,,
,,,
,,,
,,,
,,,
,,,
,,,
,,,
,,,
,,,
,,,
,,,
,,,
,,,
,,,
,,,
,,,
,,,
,,,
,,,
,,,
,,,
,,,
,,,
,,,
,,,
,,,
,,,
,,,
,,,
,,,
,,,
,,,
,,,
,,,
,,,
,,,
,,,
,,,
,,,
,,,
,,,
,,,
,,,
,,,
,,,
,,,
,,,
,,,
,,,
,,,
,,,
,,,
,,,
,,,
,,,
,,,
,,,
,,,
,,,
,,,
,,,
,,,
,,,
,,,
,,,
,,,
,,,
,,,
,,,
,,,
,,,
,,,
,,,
,,,
,,,
,,,
,,,
,,,
,,,
,,,
,,,
,,,
,,,
,,,
,,,
,,,
,,,
,,,
,,,
,,,
,,,
,,,
,,,
,,,
,,,
,,,
,,,
,,,
,,,
,,,
,,,
,,,
,,,
