Job Name,Company Name,Job Location,Time Posted,Links
"Senior Account Manager - Karachi, Pakistan",Qatar Airways,"Karāchi, Sindh, Pakistan",5 days ago,https://pk.linkedin.com/jobs/view/senior-account-manager-karachi-pakistan-at-qatar-airways-3638470266?refId=gsq9uRP1JQb9aQWxvm6Cig%3D%3D&trackingId=ji0xSMHprKTUnr4bjUga0g%3D%3D&position=1&pageNum=0&trk=public_jobs_jserp-result_search-card
NxtWave - Associate - Business Development/Sales - South,NxtWave,"Hyderabad, Sindh, Pakistan",1 month ago,https://pk.linkedin.com/jobs/view/nxtwave-associate-business-development-sales-south-at-nxtwave-3589876872?refId=gsq9uRP1JQb9aQWxvm6Cig%3D%3D&trackingId=6%2FvD1NYXJFa4AFGoqxEClQ%3D%3D&position=2&pageNum=0&trk=public_jobs_jserp-result_search-card
Car Field Sales Executive - Karachi,PakWheels.com,"Karāchi, Sindh, Pakistan",1 month ago,https://pk.linkedin.com/jobs/view/car-field-sales-executive-karachi-at-pakwheels-com-3625995308?refId=gsq9uRP1JQb9aQWxvm6Cig%3D%3D&trackingId=c9cwT9Jo%2BHG67EcJj0dvdA%3D%3D&position=3&pageNum=0&trk=public_jobs_jserp-result_search-card
Territory Sales Manager,Shan Foods Private Limited,"Sukkur, Sindh, Pakistan",2 days ago,https://pk.linkedin.com/jobs/view/territory-sales-manager-at-shan-foods-private-limited-3641723012?refId=gsq9uRP1JQb9aQWxvm6Cig%3D%3D&trackingId=6e7MwK6hIIqlUmEsGQLmQg%3D%3D&position=4&pageNum=0&trk=public_jobs_jserp-result_search-card
Area Sales Manager Abbottabad,Mondelēz International,"Lahore, Punjab, Pakistan",1 day ago,https://pk.linkedin.com/jobs/view/area-sales-manager-abbottabad-at-mondel%C4%93z-international-3642546964?refId=gsq9uRP1JQb9aQWxvm6Cig%3D%3D&trackingId=i2gcBz4c5rL5Omo5tfepRQ%3D%3D&position=5&pageNum=0&trk=public_jobs_jserp-result_search-card
Corporate Sales Associate,Byte (YC S20),"Lahore, Punjab, Pakistan",2 weeks ago,https://pk.linkedin.com/jobs/view/corporate-sales-associate-at-byte-yc-s20-3625989460?refId=gsq9uRP1JQb9aQWxvm6Cig%3D%3D&trackingId=cjhzwLs4BDWeLiMEXGntTg%3D%3D&position=6&pageNum=0&trk=public_jobs_jserp-result_search-card
Car Field Sales Executive - Islamabad,PakWheels.com,"Rawalpindi, Punjab, Pakistan",1 month ago,https://pk.linkedin.com/jobs/view/car-field-sales-executive-islamabad-at-pakwheels-com-3625995291?refId=gsq9uRP1JQb9aQWxvm6Cig%3D%3D&trackingId=FtVVi9nWSig2eeeL7h5oIg%3D%3D&position=7&pageNum=0&trk=public_jobs_jserp-result_search-card
Car Field Sales Executive - Islamabad,PakWheels.com,"Rawalpindi, Punjab, Pakistan",1 month ago,https://pk.linkedin.com/jobs/view/car-field-sales-executive-islamabad-at-pakwheels-com-3625995288?refId=gsq9uRP1JQb9aQWxvm6Cig%3D%3D&trackingId=DJIDXbt5LR0XKiURuuMPfA%3D%3D&position=8&pageNum=0&trk=public_jobs_jserp-result_search-card
Car Field Sales Executive - Lahore,PakWheels.com,"Lahore, Punjab, Pakistan",1 month ago,https://pk.linkedin.com/jobs/view/car-field-sales-executive-lahore-at-pakwheels-com-3625995286?refId=gsq9uRP1JQb9aQWxvm6Cig%3D%3D&trackingId=O46SsmbSurGeuK7n4LUbpw%3D%3D&position=9&pageNum=0&trk=public_jobs_jserp-result_search-card
Inside Sales Executive,PakWheels.com,"Lahore, Punjab, Pakistan",3 weeks ago,https://pk.linkedin.com/jobs/view/inside-sales-executive-at-pakwheels-com-3625996266?refId=gsq9uRP1JQb9aQWxvm6Cig%3D%3D&trackingId=jd5EyK3xkc4pEmBMV3MlaA%3D%3D&position=10&pageNum=0&trk=public_jobs_jserp-result_search-card
Sales Executive,REDA Chemicals,"Karāchi, Sindh, Pakistan",2 weeks ago,https://pk.linkedin.com/jobs/view/sales-executive-at-reda-chemicals-3629978658?refId=gsq9uRP1JQb9aQWxvm6Cig%3D%3D&trackingId=cY5matZ7zu1V0S2bVMMD5A%3D%3D&position=11&pageNum=0&trk=public_jobs_jserp-result_search-card
Car Field Sales Executive - Islamabad,PakWheels.com,"Rawalpindi, Punjab, Pakistan",1 month ago,https://pk.linkedin.com/jobs/view/car-field-sales-executive-islamabad-at-pakwheels-com-3625996238?refId=gsq9uRP1JQb9aQWxvm6Cig%3D%3D&trackingId=q4Kkm2OTU5ZEow3V%2FGR4TQ%3D%3D&position=12&pageNum=0&trk=public_jobs_jserp-result_search-card
Car Field Sales Executive - Multan,PakWheels.com,"Multan, Punjab, Pakistan",1 month ago,https://pk.linkedin.com/jobs/view/car-field-sales-executive-multan-at-pakwheels-com-3625991979?refId=gsq9uRP1JQb9aQWxvm6Cig%3D%3D&trackingId=CHqoUersPgGHl8L7O7Gtjw%3D%3D&position=13&pageNum=0&trk=public_jobs_jserp-result_search-card
Territory Executive Gwadar,Nestlé,"Gwadar, Baluchistan, Pakistan",1 week ago,https://pk.linkedin.com/jobs/view/territory-executive-gwadar-at-nestl%C3%A9-3596022132?refId=gsq9uRP1JQb9aQWxvm6Cig%3D%3D&trackingId=awv41H9J9UtqoWOEFuUYhg%3D%3D&position=14&pageNum=0&trk=public_jobs_jserp-result_search-card
Car Field Sales Executive - Gujranwala,PakWheels.com,"Gujranwala, Punjab, Pakistan",1 month ago,https://pk.linkedin.com/jobs/view/car-field-sales-executive-gujranwala-at-pakwheels-com-3625996242?refId=gsq9uRP1JQb9aQWxvm6Cig%3D%3D&trackingId=c2Zs58R5Tctl9pEfAJrVYg%3D%3D&position=15&pageNum=0&trk=public_jobs_jserp-result_search-card
Inside Sales Executive,PakWheels.com,"Lahore, Punjab, Pakistan",3 weeks ago,https://pk.linkedin.com/jobs/view/inside-sales-executive-at-pakwheels-com-3625992961?refId=gsq9uRP1JQb9aQWxvm6Cig%3D%3D&trackingId=As2CwUsni%2F%2B5xLgOo114ZA%3D%3D&position=16&pageNum=0&trk=public_jobs_jserp-result_search-card
Sales Manager,Procter & Gamble,"Karāchi, Sindh, Pakistan",1 month ago,https://pk.linkedin.com/jobs/view/sales-manager-at-procter-gamble-3619165942?refId=gsq9uRP1JQb9aQWxvm6Cig%3D%3D&trackingId=X%2FlbvMJ6HT%2Fb%2FEp9fcfoQQ%3D%3D&position=17&pageNum=0&trk=public_jobs_jserp-result_search-card
Corporate Sales Manager,Byte (YC S20),"Lahore, Punjab, Pakistan",2 weeks ago,https://pk.linkedin.com/jobs/view/corporate-sales-manager-at-byte-yc-s20-3625989488?refId=gsq9uRP1JQb9aQWxvm6Cig%3D%3D&trackingId=YSKJiSJd9petFWV8%2BeoYbg%3D%3D&position=18&pageNum=0&trk=public_jobs_jserp-result_search-card
Sales Development Representative (Pakistan),Podium,"Lahore, Punjab, Pakistan",3 days ago,https://pk.linkedin.com/jobs/view/sales-development-representative-pakistan-at-podium-3640046247?refId=gsq9uRP1JQb9aQWxvm6Cig%3D%3D&trackingId=ynilNcqY8Tq%2BjEOXIdS11w%3D%3D&position=19&pageNum=0&trk=public_jobs_jserp-result_search-card
Corporate Sales Executive,marcus evans Group,"Karāchi, Sindh, Pakistan",5 days ago,https://pk.linkedin.com/jobs/view/corporate-sales-executive-at-marcus-evans-group-3638464578?refId=gsq9uRP1JQb9aQWxvm6Cig%3D%3D&trackingId=VczF0U9Yski9u4AaIn6yGA%3D%3D&position=20&pageNum=0&trk=public_jobs_jserp-result_search-card
Sales Executive- Pakistan (various cities),Rentokil Initial,"Lahore, Punjab, Pakistan",3 months ago,https://pk.linkedin.com/jobs/view/sales-executive-pakistan-various-cities-at-rentokil-initial-3513772493?refId=gsq9uRP1JQb9aQWxvm6Cig%3D%3D&trackingId=4fPXYeODa7Gz9DxUR5rEZQ%3D%3D&position=21&pageNum=0&trk=public_jobs_jserp-result_search-card
Global Sales & Marketing Manager,ibex,"Karachi Division, Sindh, Pakistan",2 weeks ago,https://pk.linkedin.com/jobs/view/global-sales-marketing-manager-at-ibex-3624473409?refId=gsq9uRP1JQb9aQWxvm6Cig%3D%3D&trackingId=s1qh%2FO8oZgZJ5WzgudrNeA%3D%3D&position=22&pageNum=0&trk=public_jobs_jserp-result_search-card
Sales Executive,Baya Group (Pvt),"Islamabad, Islāmābād, Pakistan",1 month ago,https://pk.linkedin.com/jobs/view/sales-executive-at-baya-group-pvt-3597011292?refId=gsq9uRP1JQb9aQWxvm6Cig%3D%3D&trackingId=otqom5vSZsY4TvJCvOQ03Q%3D%3D&position=23&pageNum=0&trk=public_jobs_jserp-result_search-card
Sales Development Representative (Pakistan),Podium,"Lahore, Punjab, Pakistan",1 week ago,https://pk.linkedin.com/jobs/view/sales-development-representative-pakistan-at-podium-3565582828?refId=gsq9uRP1JQb9aQWxvm6Cig%3D%3D&trackingId=6e3vl8nzIsHZ%2BlHY4EWIEw%3D%3D&position=24&pageNum=0&trk=public_jobs_jserp-result_search-card
Sales Executive,Teradata,"Islamabad, Islāmābād, Pakistan",3 days ago,https://pk.linkedin.com/jobs/view/sales-executive-at-teradata-3640737983?refId=gsq9uRP1JQb9aQWxvm6Cig%3D%3D&trackingId=fYqqYofyRWssNXKdtBNF7Q%3D%3D&position=25&pageNum=0&trk=public_jobs_jserp-result_search-card
Sales Copywriter (REMOTE Position),TOMO™ Bottle,"Islamabad, Islāmābād, Pakistan",2 weeks ago,https://pk.linkedin.com/jobs/view/sales-copywriter-remote-position-at-tomo%E2%84%A2-bottle-3626144218?refId=11hOpX%2FE78%2FJG7MdO0BDaw%3D%3D&trackingId=Wq2mVkOk%2BnJludE8gK8UXQ%3D%3D&position=1&pageNum=1&trk=public_jobs_jserp-result_search-card
Sales Consultant,Kennis Zone Pvt Ltd,"Islamabad, Islāmābād, Pakistan",1 week ago,https://pk.linkedin.com/jobs/view/sales-consultant-at-kennis-zone-pvt-ltd-3632534276?refId=11hOpX%2FE78%2FJG7MdO0BDaw%3D%3D&trackingId=Q0nudVvUPv6j39p%2BjQivZQ%3D%3D&position=2&pageNum=1&trk=public_jobs_jserp-result_search-card
Sales Executive,Hotel Management Services,"Islamabad, Islāmābād, Pakistan",1 month ago,https://pk.linkedin.com/jobs/view/sales-executive-at-hotel-management-services-3597006764?refId=11hOpX%2FE78%2FJG7MdO0BDaw%3D%3D&trackingId=mAnpM0wEDp4Y8XvVblVXuQ%3D%3D&position=3&pageNum=1&trk=public_jobs_jserp-result_search-card
B2B Sales Executive,Nextbridge Ltd.,"Lahore, Punjab, Pakistan",1 month ago,https://pk.linkedin.com/jobs/view/b2b-sales-executive-at-nextbridge-ltd-3596386099?refId=11hOpX%2FE78%2FJG7MdO0BDaw%3D%3D&trackingId=2Ra5QpWsfbAwIIbchihBfg%3D%3D&position=4&pageNum=1&trk=public_jobs_jserp-result_search-card
Car Field Sales Executive - Peshawar,PakWheels.com,"Peshawar, Khyber Pakhtunkhwa, Pakistan",1 month ago,https://pk.linkedin.com/jobs/view/car-field-sales-executive-peshawar-at-pakwheels-com-3625993686?refId=11hOpX%2FE78%2FJG7MdO0BDaw%3D%3D&trackingId=aNZYTKhyDbfsakyTfT1GmA%3D%3D&position=5&pageNum=1&trk=public_jobs_jserp-result_search-card
Account Manager (Karachi),IFF,"Karāchi, Sindh, Pakistan",1 week ago,https://pk.linkedin.com/jobs/view/account-manager-karachi-at-iff-3633472322?refId=11hOpX%2FE78%2FJG7MdO0BDaw%3D%3D&trackingId=T4UTcchQzwbPeWlvY3toLA%3D%3D&position=6&pageNum=1&trk=public_jobs_jserp-result_search-card
Business Development Executive - App Sales,TekRevol,"Karāchi, Sindh, Pakistan",1 day ago,https://pk.linkedin.com/jobs/view/business-development-executive-app-sales-at-tekrevol-3643028255?refId=11hOpX%2FE78%2FJG7MdO0BDaw%3D%3D&trackingId=Jg4M9QjveVRogasQRwm9SQ%3D%3D&position=7&pageNum=1&trk=public_jobs_jserp-result_search-card
B2B Sales Manager,VASHISHTA sYSTEMS,"Hyderabad, Sindh, Pakistan",2 weeks ago,https://pk.linkedin.com/jobs/view/b2b-sales-manager-at-vashishta-systems-3626785175?refId=11hOpX%2FE78%2FJG7MdO0BDaw%3D%3D&trackingId=TUnmuesaw%2BiEC%2Fv0w4EK%2FA%3D%3D&position=8&pageNum=1&trk=public_jobs_jserp-result_search-card
Sales Manager,Tagaddod,"Lahore, Punjab, Pakistan",2 months ago,https://pk.linkedin.com/jobs/view/sales-manager-at-tagaddod-3590311724?refId=11hOpX%2FE78%2FJG7MdO0BDaw%3D%3D&trackingId=xDPyFSUGV2Gw2zqoLfKujQ%3D%3D&position=9&pageNum=1&trk=public_jobs_jserp-result_search-card
Sales Associate,Beam,"Karāchi, Sindh, Pakistan",2 weeks ago,https://pk.linkedin.com/jobs/view/sales-associate-at-beam-3631456775?refId=11hOpX%2FE78%2FJG7MdO0BDaw%3D%3D&trackingId=gR%2BXSDClvCK54nK%2FYqntUQ%3D%3D&position=10&pageNum=1&trk=public_jobs_jserp-result_search-card
Sales Manager,Nextbridge Ltd.,"Lahore, Punjab, Pakistan",3 weeks ago,https://pk.linkedin.com/jobs/view/sales-manager-at-nextbridge-ltd-3624194611?refId=11hOpX%2FE78%2FJG7MdO0BDaw%3D%3D&trackingId=hL6%2BIQXzrwqrKpr3ADSacg%3D%3D&position=11&pageNum=1&trk=public_jobs_jserp-result_search-card
Sales Executive,Synavos,"Lahore District, Punjab, Pakistan",2 weeks ago,https://pk.linkedin.com/jobs/view/sales-executive-at-synavos-3632092164?refId=11hOpX%2FE78%2FJG7MdO0BDaw%3D%3D&trackingId=ORrBpQmfq%2F7LBgIiuTzeKQ%3D%3D&position=12&pageNum=1&trk=public_jobs_jserp-result_search-card
Telesales Executive,Kennis Zone Pvt Ltd,"Islāmābād, Pakistan",3 days ago,https://pk.linkedin.com/jobs/view/telesales-executive-at-kennis-zone-pvt-ltd-3640504580?refId=11hOpX%2FE78%2FJG7MdO0BDaw%3D%3D&trackingId=BzcsdJSBItxQk93D3EGesQ%3D%3D&position=13&pageNum=1&trk=public_jobs_jserp-result_search-card
Sr. Sales Executive,The Plum Tree Group,"Karāchi, Sindh, Pakistan",5 months ago,https://pk.linkedin.com/jobs/view/sr-sales-executive-at-the-plum-tree-group-3434219898?refId=11hOpX%2FE78%2FJG7MdO0BDaw%3D%3D&trackingId=0NPp80AY2m%2FQvUCyGIDX1g%3D%3D&position=14&pageNum=1&trk=public_jobs_jserp-result_search-card
Territory Sales Supervisor (Proactive Pipeline),Jazz,"Sindh, Pakistan",2 months ago,https://pk.linkedin.com/jobs/view/territory-sales-supervisor-proactive-pipeline-at-jazz-3590308905?refId=11hOpX%2FE78%2FJG7MdO0BDaw%3D%3D&trackingId=C7sazeWmS3WPJajOknvEDQ%3D%3D&position=15&pageNum=1&trk=public_jobs_jserp-result_search-card
Online Sales Executive [Night Shift | 3+ yrs experience],Dymentions Pakistan,"Karāchi, Sindh, Pakistan",1 day ago,https://pk.linkedin.com/jobs/view/online-sales-executive-night-shift-3%2B-yrs-experience-at-dymentions-pakistan-3643750236?refId=11hOpX%2FE78%2FJG7MdO0BDaw%3D%3D&trackingId=bW6Q8DzEikaGZJJrEVCOHA%3D%3D&position=16&pageNum=1&trk=public_jobs_jserp-result_search-card
Sales Engineer,INTECH Automation & Intelligence,"Lahore, Punjab, Pakistan",2 weeks ago,https://pk.linkedin.com/jobs/view/sales-engineer-at-intech-automation-intelligence-3623808022?refId=11hOpX%2FE78%2FJG7MdO0BDaw%3D%3D&trackingId=qICO%2FaV5zPJ66UoFWF9mHA%3D%3D&position=17&pageNum=1&trk=public_jobs_jserp-result_search-card
Sales Executive,Decklaration,"Lahore, Punjab, Pakistan",2 days ago,https://pk.linkedin.com/jobs/view/sales-executive-at-decklaration-3642256895?refId=11hOpX%2FE78%2FJG7MdO0BDaw%3D%3D&trackingId=ajmacIRb0edV6cUCweDNNw%3D%3D&position=18&pageNum=1&trk=public_jobs_jserp-result_search-card
"Account Executive, Commercial Sales Motive Cards",Motive,Pakistan,3 weeks ago,https://pk.linkedin.com/jobs/view/account-executive-commercial-sales-motive-cards-at-motive-3578205766?refId=11hOpX%2FE78%2FJG7MdO0BDaw%3D%3D&trackingId=QOCE4SWYUObjadBAHaadFw%3D%3D&position=19&pageNum=1&trk=public_jobs_jserp-result_search-card
Territory Manager - Vehari,Reckitt,"Vehari, Punjab, Pakistan",2 weeks ago,https://pk.linkedin.com/jobs/view/territory-manager-vehari-at-reckitt-3627275450?refId=11hOpX%2FE78%2FJG7MdO0BDaw%3D%3D&trackingId=5JL0IXLH6pnFJCa%2FadcUUQ%3D%3D&position=20&pageNum=1&trk=public_jobs_jserp-result_search-card
Rural Sales Development Manager,Upfield,"Hyderabad, Sindh, Pakistan",1 month ago,https://pk.linkedin.com/jobs/view/rural-sales-development-manager-at-upfield-3638413513?refId=11hOpX%2FE78%2FJG7MdO0BDaw%3D%3D&trackingId=t6CdZcoP66Kse0MdN7ZQ9w%3D%3D&position=21&pageNum=1&trk=public_jobs_jserp-result_search-card
Digital Sales Manager,PakWheels.com,"Lahore, Punjab, Pakistan",1 month ago,https://pk.linkedin.com/jobs/view/digital-sales-manager-at-pakwheels-com-3625996229?refId=11hOpX%2FE78%2FJG7MdO0BDaw%3D%3D&trackingId=Sxwl%2F2Wtj6sUVnXKI6eViA%3D%3D&position=22&pageNum=1&trk=public_jobs_jserp-result_search-card
Sales Development Representative,CEQUENS,"Islamabad, Islāmābād, Pakistan",1 week ago,https://pk.linkedin.com/jobs/view/sales-development-representative-at-cequens-3636261824?refId=11hOpX%2FE78%2FJG7MdO0BDaw%3D%3D&trackingId=3uEVo8sRC%2B2ZgJR7x6hOyQ%3D%3D&position=23&pageNum=1&trk=public_jobs_jserp-result_search-card
Account Manager (Lahore),IFF,"Karāchi, Sindh, Pakistan",1 week ago,https://pk.linkedin.com/jobs/view/account-manager-lahore-at-iff-3637969847?refId=11hOpX%2FE78%2FJG7MdO0BDaw%3D%3D&trackingId=iI1c6n%2BL2oZ8UvR3fVRa8g%3D%3D&position=24&pageNum=1&trk=public_jobs_jserp-result_search-card
Amazon Account Pricing Executive (FBA Wholesale),Leverify,Pakistan,3 weeks ago,https://pk.linkedin.com/jobs/view/amazon-account-pricing-executive-fba-wholesale-at-leverify-3621654867?refId=11hOpX%2FE78%2FJG7MdO0BDaw%3D%3D&trackingId=rNzZuQbk5%2FgBIsiNE3Bg8A%3D%3D&position=25&pageNum=1&trk=public_jobs_jserp-result_search-card
Call Center Sales Specialist - Arabic Speaker,Howmuch,"Islamabad, Islāmābād, Pakistan",1 month ago,https://pk.linkedin.com/jobs/view/call-center-sales-specialist-arabic-speaker-at-howmuch-3625993679?refId=xgbj9rM%2FFRMec3V5vPVbQg%3D%3D&trackingId=N0a1tE5eEZ7iamY0SxZ24g%3D%3D&position=1&pageNum=2&trk=public_jobs_jserp-result_search-card
Logistics Sales Coordinator,"LDP Logistics, Inc.","Karāchi, Sindh, Pakistan",1 month ago,https://pk.linkedin.com/jobs/view/logistics-sales-coordinator-at-ldp-logistics-inc-3598187034?refId=xgbj9rM%2FFRMec3V5vPVbQg%3D%3D&trackingId=orlVZDayVvryXgbXKpJEQg%3D%3D&position=2&pageNum=2&trk=public_jobs_jserp-result_search-card
Assistant Sales Manager,Zameen.com,"Karachi Division, Sindh, Pakistan",2 weeks ago,https://pk.linkedin.com/jobs/view/assistant-sales-manager-at-zameen-com-3629975828?refId=xgbj9rM%2FFRMec3V5vPVbQg%3D%3D&trackingId=Kvc7bzcwVQNSg9C114DA3A%3D%3D&position=3&pageNum=2&trk=public_jobs_jserp-result_search-card
Telesales Mgr/ Arabic Speaking,Noon - The Social Learning Platform,"Lahore, Punjab, Pakistan",1 month ago,https://pk.linkedin.com/jobs/view/telesales-mgr-arabic-speaking-at-noon-the-social-learning-platform-3623038893?refId=xgbj9rM%2FFRMec3V5vPVbQg%3D%3D&trackingId=0egUgIzpOl%2FRa2jtZoE65w%3D%3D&position=4&pageNum=2&trk=public_jobs_jserp-result_search-card
Call Center Sales Specialist - Arabic Speaker,Howmuch,"Lahore, Punjab, Pakistan",1 month ago,https://pk.linkedin.com/jobs/view/call-center-sales-specialist-arabic-speaker-at-howmuch-3625996195?refId=xgbj9rM%2FFRMec3V5vPVbQg%3D%3D&trackingId=QFJoK0FTJ4WLeNxei06yLg%3D%3D&position=5&pageNum=2&trk=public_jobs_jserp-result_search-card
Field Sales Representative,Tagaddod,"Lahore, Punjab, Pakistan",2 months ago,https://pk.linkedin.com/jobs/view/field-sales-representative-at-tagaddod-3590329278?refId=xgbj9rM%2FFRMec3V5vPVbQg%3D%3D&trackingId=DsfzEE3sf7YjBkbj8ZJhhg%3D%3D&position=6&pageNum=2&trk=public_jobs_jserp-result_search-card
Sales Executive - Shipping,Qureos,"Karāchi, Sindh, Pakistan",2 days ago,https://pk.linkedin.com/jobs/view/sales-executive-shipping-at-qureos-3642995741?refId=xgbj9rM%2FFRMec3V5vPVbQg%3D%3D&trackingId=In5GjMLz8y4F6a%2BZw%2BQt4Q%3D%3D&position=7&pageNum=2&trk=public_jobs_jserp-result_search-card
Lead Sales Force Effectiveness,Novartis Pakistan,"Karāchi, Sindh, Pakistan",1 day ago,https://pk.linkedin.com/jobs/view/lead-sales-force-effectiveness-at-novartis-pakistan-3643904902?refId=xgbj9rM%2FFRMec3V5vPVbQg%3D%3D&trackingId=GWvl28Y6vz93Kx3zJnZTeA%3D%3D&position=8&pageNum=2&trk=public_jobs_jserp-result_search-card
Zone Manager South Punjab & Baluchistan,Philip Morris International,"Multan, Punjab, Pakistan",1 week ago,https://pk.linkedin.com/jobs/view/zone-manager-south-punjab-baluchistan-at-philip-morris-international-3638168373?refId=xgbj9rM%2FFRMec3V5vPVbQg%3D%3D&trackingId=yXNCdfc5%2BFJ6dmZPtBb3Yg%3D%3D&position=9&pageNum=2&trk=public_jobs_jserp-result_search-card
Department Manager - ALC,METRO Pakistan (Pvt) Limited,"Lahore, Punjab, Pakistan",1 week ago,https://pk.linkedin.com/jobs/view/department-manager-alc-at-metro-pakistan-pvt-limited-3634890200?refId=xgbj9rM%2FFRMec3V5vPVbQg%3D%3D&trackingId=WhyeR1vDtac33qufL9FGHQ%3D%3D&position=10&pageNum=2&trk=public_jobs_jserp-result_search-card
Amazon Virtual Assistant - Ecommerce Account Manager,aassio group,"Islamabad, Islāmābād, Pakistan",1 month ago,https://pk.linkedin.com/jobs/view/amazon-virtual-assistant-ecommerce-account-manager-at-aassio-group-3615851475?refId=xgbj9rM%2FFRMec3V5vPVbQg%3D%3D&trackingId=4HJMbnsS2SNP0GL1i0dGSw%3D%3D&position=11&pageNum=2&trk=public_jobs_jserp-result_search-card
Senior Sales Executive,Right Tic,"Lahore, Punjab, Pakistan",2 months ago,https://pk.linkedin.com/jobs/view/senior-sales-executive-at-right-tic-3571639882?refId=xgbj9rM%2FFRMec3V5vPVbQg%3D%3D&trackingId=71nDxBCuZ5pnJ5PAvX917A%3D%3D&position=12&pageNum=2&trk=public_jobs_jserp-result_search-card
Junior/Assistant Manager Sales,Oxford University Press,"Sukkur, Sindh, Pakistan",2 weeks ago,https://pk.linkedin.com/jobs/view/junior-assistant-manager-sales-at-oxford-university-press-3631006626?refId=xgbj9rM%2FFRMec3V5vPVbQg%3D%3D&trackingId=VDccCdock0H3Ju0lfdMezg%3D%3D&position=13&pageNum=2&trk=public_jobs_jserp-result_search-card
Manager Sales-South,Zameen.com,"Karachi Division, Sindh, Pakistan",3 weeks ago,https://pk.linkedin.com/jobs/view/manager-sales-south-at-zameen-com-3619425628?refId=xgbj9rM%2FFRMec3V5vPVbQg%3D%3D&trackingId=zTL8hvlponHMLeBwH3jVVw%3D%3D&position=14&pageNum=2&trk=public_jobs_jserp-result_search-card
Account Executive,Qureos,"Karāchi, Sindh, Pakistan",1 day ago,https://pk.linkedin.com/jobs/view/account-executive-at-qureos-3643775989?refId=xgbj9rM%2FFRMec3V5vPVbQg%3D%3D&trackingId=7G4PPl549FiG9zx873ehZg%3D%3D&position=15&pageNum=2&trk=public_jobs_jserp-result_search-card
Head of Channel Expansion - Remote - Pakistan,The Ambr Group,"Karāchi, Sindh, Pakistan",3 weeks ago,https://pk.linkedin.com/jobs/view/head-of-channel-expansion-remote-pakistan-at-the-ambr-group-3637650913?refId=xgbj9rM%2FFRMec3V5vPVbQg%3D%3D&trackingId=KBvXFUuq9k9QlVQM92Ch2w%3D%3D&position=16&pageNum=2&trk=public_jobs_jserp-result_search-card
Field Coordinator - Pakistan,PULA,"Saddar Town, Sindh, Pakistan",3 days ago,https://pk.linkedin.com/jobs/view/field-coordinator-pakistan-at-pula-3641795067?refId=xgbj9rM%2FFRMec3V5vPVbQg%3D%3D&trackingId=BQ1Fld5KWWXxA2f0QGv9BA%3D%3D&position=17&pageNum=2&trk=public_jobs_jserp-result_search-card
Manager/Senior Manager/Director - Commercial Sales - Pakistan,PULA,"Karachi Division, Sindh, Pakistan",4 days ago,https://pk.linkedin.com/jobs/view/manager-senior-manager-director-commercial-sales-pakistan-at-pula-3641792662?refId=xgbj9rM%2FFRMec3V5vPVbQg%3D%3D&trackingId=hmAbE0N8d76HP4EI7kg7yw%3D%3D&position=18&pageNum=2&trk=public_jobs_jserp-result_search-card
Sales Representative,Voyager Global Mobility,"Lahore District, Punjab, Pakistan",1 week ago,https://pk.linkedin.com/jobs/view/sales-representative-at-voyager-global-mobility-3635500427?refId=xgbj9rM%2FFRMec3V5vPVbQg%3D%3D&trackingId=LcMsxD7L4EgLbdHm1MBzfg%3D%3D&position=19&pageNum=2&trk=public_jobs_jserp-result_search-card
Sales Associate,Decklaration,"Lahore, Punjab, Pakistan",2 days ago,https://pk.linkedin.com/jobs/view/sales-associate-at-decklaration-3642262139?refId=xgbj9rM%2FFRMec3V5vPVbQg%3D%3D&trackingId=hNEemzKdjinG5ogQYuRoMg%3D%3D&position=20&pageNum=2&trk=public_jobs_jserp-result_search-card
"Positions Vacant: Semi Commercial Sales Project, Institute of Home and Food Sciences","Government College University, Faisalabad","Faisalabad, Punjab, Pakistan",1 month ago,https://pk.linkedin.com/jobs/view/positions-vacant-semi-commercial-sales-project-institute-of-home-and-food-sciences-at-government-college-university-faisalabad-3637107547?refId=xgbj9rM%2FFRMec3V5vPVbQg%3D%3D&trackingId=dTE3ffJKmfNU14MHT6DDYA%3D%3D&position=21&pageNum=2&trk=public_jobs_jserp-result_search-card
Assistant Manager Sales,Zameen.com,"Karāchi, Sindh, Pakistan",6 months ago,https://pk.linkedin.com/jobs/view/assistant-manager-sales-at-zameen-com-3216536394?refId=xgbj9rM%2FFRMec3V5vPVbQg%3D%3D&trackingId=zVIMzMVoODxvpiQbZfcGFA%3D%3D&position=22&pageNum=2&trk=public_jobs_jserp-result_search-card
Sales Executive,Greenovative Solutions Inc.,"Karachi Division, Sindh, Pakistan",1 day ago,https://pk.linkedin.com/jobs/view/sales-executive-at-greenovative-solutions-inc-3641965264?refId=xgbj9rM%2FFRMec3V5vPVbQg%3D%3D&trackingId=xeUT4JENMtD15Hc4Xkrpzw%3D%3D&position=23&pageNum=2&trk=public_jobs_jserp-result_search-card
Inside Sales Intern,PakWheels.com,"Lahore, Punjab, Pakistan",1 day ago,https://pk.linkedin.com/jobs/view/inside-sales-intern-at-pakwheels-com-3642589088?refId=xgbj9rM%2FFRMec3V5vPVbQg%3D%3D&trackingId=73wOPN%2FMh0VOjcbdWVPlvw%3D%3D&position=24&pageNum=2&trk=public_jobs_jserp-result_search-card
Global Sales Associate,ULTAINFINITY GLOBAL GROUP,Pakistan,2 weeks ago,https://pk.linkedin.com/jobs/view/global-sales-associate-at-ultainfinity-global-group-3630643228?refId=xgbj9rM%2FFRMec3V5vPVbQg%3D%3D&trackingId=JOWzqh%2B3n8y97Z4fdW2VHw%3D%3D&position=25&pageNum=2&trk=public_jobs_jserp-result_search-card
